{
  "test45": {
    "test": 0.5
  },
  "stab4": {
    "vco1": 0.1295999999999999,
    "vco2": 0.30250000000000005,
    "detune": 1.25,
    "cutoff": 2500,
    "vcf env": 1250,
    "key vcf": 0.25,
    "a": 0.12875,
    "d": 0.1325,
    "s": 0.25,
    "r": 0.25
  },
  "stab": {
    "vco1": 1,
    "vco2": 0.9025,
    "detune": 1.984064,
    "cutoff": 528.9999999999978,
    "vcf env": 2048.000000000001,
    "key vcf": 0.16000000000000014,
    "a": 0.005,
    "d": 0.5,
    "s": 0.4224999999999996,
    "r": 1
  }
}