{
  "default": {
    "vco_mix": 0.4096000000000002,
    "detune": 1.9940090000000001,
    "cutoff": 120.9999999999993,
    "vcf env": 1057.9999999999998,
    "Q": 2.047999999999998,
    "key vcf": 1,
    "a": 0.005,
    "d": 0.1716759999999987,
    "s": 0.6723999999999998,
    "r": 1.6809999999999994,
    "a1": 0.005,
    "d1": 1.159696,
    "s1": 0.6888999999999997,
    "r1": 0.840999999999999,
    "lfo": 4.801999999999989,
    "vibrato": 0,
    "tremolo": 0
  },
  "ether": {
    "vco_mix": 0.6724000000000004,
    "detune": 1.9940090000000001,
    "cutoff": 168.99999999999915,
    "vcf env": 1250,
    "Q": 4.231999999999999,
    "key vcf": 1,
    "a": 0.005,
    "d": 0.1716759999999987,
    "s": 0.4224999999999996,
    "r": 3.8440000000000003,
    "a1": 0.005,
    "d1": 1.159696,
    "s1": 0.2915999999999996,
    "r1": 2.809,
    "lfo": 4.801999999999989,
    "vibrato": 0.007290000000000004,
    "tremolo": 0
  },
  "tremPad": {
    "vco_mix": 0.4355999999999999,
    "detune": 1.009409,
    "cutoff": 1023.999999999999,
    "vcf env": 1200.5,
    "Q": 4.802,
    "key vcf": 1,
    "a": 0.5,
    "d": 9.9006989999999995,
    "s": 1,
    "r": 20,
    "a1": 0.5,
    "d1": 10,
    "s1": 1,
    "r1": 20,
    "lfo": 1.7999999999999925,
    "vibrato": 0,
    "tremolo": 0.5329000000000006
  }
}