{
  "default": {
    "Kick": 0.5,
    "Snare": 0.5,
    "Hihat": 0.4,
    "Toms": 0.5,
    "decay": 1,
    "decay1": 1,
    "decay12": 1,
    "Output": 2,
    "Dry Kick": 0.5,
    "rate": 1,
    "rate1": 1,
    "rate12": 1,
    "1 Rate": 1,
    "2 Rate": 1,
    "3 Rate": 1,
    "Threshold": -32.5,
    "Ratio": 1,
    "Distort": 0.1,
    "Closed Decay": 0.16839999999999972,
    "Open Decay": 1.9801,
    "kit": "Acoustic"
  },
  "electro": {
    "Kick": 0.7,
    "Snare": 0.5,
    "Hihat": 0.3,
    "Toms": 0.5,
    "Output": 3,
    "Dry Kick": 0.3,
    "Kick Rate": 1,
    "Snare Rate": 1,
    "Hihat Rate": 1.4,
    "Tom1 Rate": 1,
    "Tom2 Rate": 1,
    "Tom3 Rate": 1,
    "Threshold": -32.5,
    "Ratio": 4.5,
    "Distort": 0.3,
    "Hat Decay": 0.505,
    "kit": "Techno",
    "Kick1": 1,
    "Snare1": 1,
    "Hihat1": 0.8999999999999999,
    "Toms1": 0.23000000000000007,
    "Output1": 0.9599999999999991,
    "Dry Kick1": 0.1399999999999997,
    "Kick Rate1": 0.8999999999999999,
    "Snare Rate1": 0.8799999999999999,
    "Hihat Rate1": 1.1,
    "Tom1 Rate1": 1.4000000000000004,
    "Tom2 Rate1": 1.3000000000000003,
    "Tom3 Rate1": 1.12,
    "Threshold1": -28.649999999999995,
    "Ratio1": 7.459999999999997,
    "Distort1": 0.17,
    "Hat Decay1": 0.11889999999999983,
    "kit1": "CR78"
  },
  "breakbeat": {
    "Kick": 0.5,
    "Snare": 0.5,
    "Hihat": 0.5,
    "Toms": 0.5,
    "Output": 2,
    "Dry Kick": 0,
    "Kick Rate": 1,
    "Snare Rate": 1,
    "Hihat Rate": 1,
    "Tom1 Rate": 1,
    "Tom2 Rate": 1,
    "Tom3 Rate": 1,
    "Threshold": -32.5,
    "Ratio": 10.5,
    "Distort": 0.5,
    "Hat Decay": 0.505,
    "Kick1": 1,
    "Snare1": 1,
    "Hihat1": 0.7199999999999998,
    "Toms1": 0.7900000000000005,
    "Output1": 2.3999999999999995,
    "Dry Kick1": 0,
    "Kick Rate1": 1.06,
    "Snare Rate1": 1.12,
    "Hihat Rate1": 0.8399999999999999,
    "Tom1 Rate1": 1.1600000000000001,
    "Tom2 Rate1": 1.1400000000000001,
    "Tom3 Rate1": 1.1,
    "Threshold1": -28.649999999999995,
    "Ratio1": 12.210000000000006,
    "Distort1": 0.04,
    "Hat Decay1": 0.19809999999999958,
    "kit": "breakbeat8"
  },
  "techno": {
    "Kick": 1,
    "Snare": 1,
    "Hihat": 0.6999999999999997,
    "Toms": 0.6099999999999997,
    "decay": 0.2599999999999998,
    "decay1": 0.04999999999999981,
    "decay12": 0.004,
    "Output": 0.9999999999999991,
    "Dry Kick": 0,
    "rate": 0.8599999999999999,
    "rate1": 0.819999999999999,
    "rate12": 1,
    "1 Rate": 2,
    "2 Rate": 2,
    "3 Rate": 2,
    "Threshold": -29.20000000000002,
    "Ratio": 9.36,
    "Distort": 0.1999999999999997,
    "Closed Decay": 0.07859999999999995,
    "Open Decay": 2,
    "kit": "Techno"
  },
  "snappy": {
    "Kick": 0.5,
    "Snare": 0.5,
    "Hihat": 0.5,
    "Toms": 0.5,
    "Output": 2,
    "Dry Kick": 0.5,
    "Kick Rate": 1,
    "Snare Rate": 1,
    "Hihat Rate": 1,
    "Tom1 Rate": 1,
    "Tom2 Rate": 1,
    "Tom3 Rate": 1,
    "Threshold": -32.5,
    "Ratio": 10.5,
    "Distort": 0.5,
    "Hat Decay": 0.505,
    "kit": "LINN",
    "Kick1": 1,
    "Snare1": 0.7299999999999998,
    "Hihat1": 0.5399999999999996,
    "Toms1": 0.4499999999999995,
    "Output1": 3.3199999999999994,
    "Dry Kick1": 0,
    "Kick Rate1": 1.1400000000000001,
    "Snare Rate1": 1.3800000000000003,
    "Hihat Rate1": 1.1400000000000001,
    "Tom1 Rate1": 1.6800000000000006,
    "Tom2 Rate1": 0.52,
    "Tom3 Rate1": 0.21999999999999936,
    "Threshold1": -28.649999999999995,
    "Ratio1": 1,
    "Distort1": 0.09999999999999999,
    "Hat Decay1": 0.08919999999999953,
    "kit1": "KPR77"
  },
  "linn": {
    "Kick": 1,
    "Snare": 1,
    "Hihat": 0.51,
    "Toms": 1,
    "decay": 0.2599999999999998,
    "decay1": 0.45000000000000007,
    "decay12": 0.5,
    "Output": 1.2799999999999994,
    "Dry Kick": 0,
    "rate": 0.8799999999999999,
    "rate1": 1.2000000000000002,
    "rate12": 0.7999999999999998,
    "1 Rate": 1,
    "2 Rate": 1,
    "3 Rate": 1,
    "Threshold": -29.20000000000002,
    "Ratio": 6.129999999999996,
    "Distort": 0.09999999999999969,
    "Closed Decay": 0.059,
    "Open Decay": 1.1045000000000003,
    "kit": "LINN"
  }
}