{
  "default": {
    "detune": 0.49999999999999956,
    "drive2": 0.1567999999999999,
    "fm": 0,
    "am": 0,
    "harm": 2.006999999999993,
    "cutoff": 3170.3199999999993,
    "Q": 0,
    "noiseG": 0.375,
    "toneG": 0.39015,
    "vol": 0.5,
    "drop": 199.9999999999999,
    "decay": 0.5779999999999995,
    "pDecay": 0.07784100000000005,
    "nDecay": 0.0605,
    "nFreq": 1764.1899999999994,
    "nEnv": 1191.6400000000012,
    "vcfEnv": 1945.0850000000016
  },
  "kick": {
    "detune": 0.49999999999999956,
    "drive2": 0.2738,
    "fm": 0,
    "am": 0,
    "harm": 2.006999999999993,
    "cutoff": 886.7949999999983,
    "Q": 3.108841807610066,
    "noiseG": 0.375,
    "toneG": 0.39015,
    "vol": 0.5,
    "drop": 17.999999999999968,
    "decay": 0.28799999999999937,
    "pDecay": 0.07784100000000005,
    "nDecay": 0.07200000000000001,
    "nFreq": 670.239999999999,
    "nEnv": 1191.6400000000012,
    "vcfEnv": 1945.0850000000016
  },
  "snare": {
    "detune": 1,
    "drive2": 0.2738,
    "fm": 1.0240000000000005,
    "am": 0,
    "harm": 2.006999999999999,
    "cutoff": 4384.22,
    "Q": 6.021722656131611,
    "noiseG": 0.40560000000000007,
    "toneG": 0.39015,
    "vol": 0.5,
    "drop": 0,
    "decay": 0.16199999999999942,
    "pDecay": 0.07784100000000005,
    "nDecay": 0.26450000000000023,
    "nFreq": 932.589999999999,
    "nEnv": 1191.6400000000012,
    "vcfEnv": 214.37500000000026
  },
  "hat": {
    "detune": 1,
    "drive2": 0.2738,
    "fm": 1.0240000000000005,
    "am": 0,
    "harm": 2.006999999999999,
    "cutoff": 10000,
    "Q": 0,
    "noiseG": 0.40560000000000007,
    "toneG": 0,
    "vol": 0.5,
    "drop": 0,
    "decay": 0.16199999999999942,
    "pDecay": 0.07784100000000005,
    "nDecay": 0.12800000000000006,
    "nFreq": 6278.590000000001,
    "nEnv": 109.7600000000001,
    "vcfEnv": 214.37500000000026
  },
  "ride": {
    "detune": 11,
    "drive2": 0.1457999999999999,
    "fm": 14,
    "am": 0,
    "harm": 23.43,
    "cutoff": 10000,
    "Q": 0,
    "noiseG": 1.5,
    "toneG": 0.42135000000000006,
    "vol": 0.5,
    "drop": 0,
    "decay": 2.3433629976826644,
    "pDecay": 1,
    "nDecay": 5,
    "nFreq": 6278.590000000001,
    "nEnv": 3767.8550000000046,
    "vcfEnv": 214.37500000000026
  },
  "splash": {
    "detune": 11,
    "drive2": 0.1457999999999999,
    "fm": 14,
    "am": 0,
    "harm": 23.43,
    "cutoff": 10000,
    "Q": 3.706805103404472,
    "noiseG": 1.5,
    "toneG": 0.15359999999999985,
    "vol": 0.5,
    "drop": 0,
    "decay": 1,
    "pDecay": 1,
    "nDecay": 3,
    "nFreq": 10000,
    "nEnv": 0,
    "vcfEnv": 5000
  },
  "crash": {
    "detune": 11,
    "drive2": 0.1457999999999999,
    "fm": 14,
    "am": 0,
    "harm": 23.43,
    "cutoff": 10000,
    "Q": 5.545158745241173,
    "noiseG": 1.5,
    "toneG": 0.15359999999999985,
    "vol": 0.5,
    "drop": 0,
    "decay": 1,
    "pDecay": 1,
    "nDecay": 10,
    "nFreq": 10000,
    "nEnv": 744.3850000000006,
    "vcfEnv": 0
  }
}