{
    "default": {
        "octave": "8",
        "tri": 1,
        "saw": 1,
        "squ": 1,
        "-1": 1,
        "-2": 1,
        "noise": 1,
        "vib/wah": 0.48,
        "speed": 10,
        "frequency": 1200,
        "resonance": 1,
        "VCF Env Depth": 0.01,
        "volume": 1,
        "velo filter": 0.99,
        "velo volume": 0.99,
        "A": 0.1,
        "D": 0.1,
        "S": 1,
        "R": 1,
        "chorus": 0.0001,
        "Overdrive": 0.0001
    },
    "Big Sweep": {
        "octave": "4",
        "tri": 0.0001,
        "saw": 1.9866673333333333,
        "squ": 0.0001,
        "-1": 1.7066313333333347,
        "-2": 2,
        "noise": 1,
        "vib/wah": 0.48,
        "speed": 10,
        "frequency": 1079.0000000000005,
        "resonance": 6.142493025000001,
        "VCF Env Depth": 2047.5449932752538,
        "volume": 1,
        "velo filter": 0.49019999999999975,
        "velo volume": 0.3824,
        "A": 7.692400000000003,
        "D": 9.290800000000004,
        "S": 0.37006299999999964,
        "R": 16.721000000000007,
        "chorus": 0.7300270000000002,
        "Overdrive": 0.14008599999999996
    },
    "Fat Bass": {
        "octave": "16",
        "tri": 1.826675333333333,
        "saw": 1.960002,
        "squ": 0.0001,
        "-1": 1,
        "-2": 0.7333966666666665,
        "noise": 0.10676133333333335,
        "vib/wah": 0.48,
        "speed": 10,
        "frequency": 685.4999999999993,
        "resonance": 2.641784774360023,
        "VCF Env Depth": 1454.5302125627568,
        "volume": 1.014999,
        "velo filter": 0.99,
        "velo volume": 0.99,
        "A": 0.01,
        "D": 4.195900000000002,
        "S": 0.5900409999999995,
        "R": 4.183999999999998,
        "chorus": 0.090091,
        "Overdrive": 0.33006700000000017
    },
    "80's Bass": {
        "octave": "16",
        "tri": 0.0001,
        "saw": 0.0001,
        "squ": 1.7333466666666677,
        "-1": 1.880006,
        "-2": 1.6000200000000002,
        "noise": 0.013432666666666667,
        "vib/wah": 0.48,
        "speed": 10,
        "frequency": 685.4999999999993,
        "resonance": 1.2479293620748477,
        "VCF Env Depth": 1789.554999999998,
        "volume": 1.1550229999999997,
        "velo filter": 0.5293999999999995,
        "velo volume": 0.5293999999999995,
        "A": 0.01,
        "D": 3.596500000000001,
        "S": 0.0001,
        "R": 4.183999999999998,
        "chorus": 0.0001,
        "Overdrive": 0.1700829999999997
    },
    "Alien Distress Call": {
        "octave": "8",
        "tri": 1.4666933333333332,
        "saw": 0.0001,
        "squ": 0.8933886666666665,
        "-1": 0.0001,
        "-2": 0.0001,
        "noise": 0.44007800000000036,
        "vib/wah": 0.6460319999999997,
        "speed": 2.203899999999993,
        "frequency": 930.4999999999977,
        "resonance": 13.282497224999993,
        "VCF Env Depth": 69.11999999999912,
        "volume": 0.07509500000000001,
        "velo filter": 0.039399999999999574,
        "velo volume": 0.0884,
        "A": 2.6074000000000006,
        "D": 9.091000000000001,
        "S": 1,
        "R": 10.353,
        "chorus": 0.0001,
        "Overdrive": 0.6200379999999996
    },
    "Hazy Pad": {
        "octave": "8",
        "tri": 1.6800160000000013,
        "saw": 0.8667233333333338,
        "squ": 0.10676133333333333,
        "-1": 0.013432666666666667,
        "-2": 0.0001,
        "noise": 0.013432666666666667,
        "vib/wah": 0.7980159999999998,
        "speed": 1.2043999999999933,
        "frequency": 709.999999999997,
        "resonance": 3.082491225000001,
        "VCF Env Depth": 20.479999999999567,
        "volume": 0.8850410000000003,
        "velo filter": 0.40199999999999964,
        "velo volume": 0.4216000000000001,
        "A": 5.404600000000002,
        "D": 0.5095000000000001,
        "S": 1,
        "R": 10.154,
        "chorus": 0.0001,
        "Overdrive": 0.08009200000000001
    },
    "Poly Synth": {
        "octave": "8",
        "tri": 0.706731333333335,
        "saw": 1.3200339999999995,
        "squ": 1.7866773333333341,
        "-1": 0.0001,
        "-2": 0.0001,
        "noise": 0.0001,
        "vib/wah": 0.47504999999999953,
        "speed": 3.2033999999999927,
        "frequency": 858.5000000000002,
        "resonance": 3.4547914440000014,
        "VCF Env Depth": 787.3199999999944,
        "volume": 0.8850410000000003,
        "velo filter": 0.40199999999999964,
        "velo volume": 0.4216000000000001,
        "A": 0.01,
        "D": 9.100900000000005,
        "S": 0.0001,
        "R": 5.377999999999994,
        "chorus": 0.21007900000000007,
        "Overdrive": 0.2600739999999999
    }
}