{
  "default": {
    "vco1": 0.5,
    "vco2": 0.5,
    "vco3": 0.5,
    "octave": 0.5,
    "detune": 2,
    "gain": 0.05,
    "freq": 1,
    "detune1": 1,
    "gain1": -0.5,
    "freq1": 0.06670000000000176,
    "detune12": 0.0073600000000001164,
    "gain12": 0.25,
    "freq12": 0.06670000000000176,
    "detune123": 0.0016400000000000858,
    "gain123": 0.25,
    "cutoff": 5329.934200000002,
    "Q": 5,
    "a": 0.0007999999999999967,
    "d": 1.5124999999999997,
    "s": 0,
    "r": 12.482000000000008
  }
}