{
  "default": {
    "detune1": 0,
    "detune2": 0,
    "detune3": 0.02,
    "octave1": 0.3763000000000001,
    "octave2": 1.5999999999999996,
    "octave3": 2.16,
    "gain1": 1,
    "gain2": 0.6084000000000007,
    "gain3": 0.5476000000000011,
    "cutoff": 145.9711999999991,
    "Q": 1.015004123715722,
    "keyTrack": 0.8399999999999999,
    "vcfEnvDepth": 562.5000000000003,
    "a": 0.01,
    "d": 1.3826324676318522,
    "s": 0.30250000000000005,
    "r": 3.556883117545685,
    "vcf_a": 0.04,
    "vcf_d": 0.8409999999999971,
    "vcf_s": 0.12752525316941654,
    "vcf_r": 3.0249999999999955,
    "pwm1": 0,
    "pwm2": 0.42999999999999994,
    "pwm3": 0.47,
    "lfoRate": 1.7962052521481457,
    "distortion": 0.25430827878332185,
    "mix": 1
  },
  "fat": {
    "detune1": 0,
    "detune2": 0.11999999999999998,
    "detune3": 0.8499999999999999,
    "octave1": 0.3763000000000001,
    "octave2": 1.5999999999999996,
    "octave3": 2.16,
    "gain1": 1,
    "gain2": 1,
    "gain3": 0.47609999999999963,
    "cutoff": 179.698710402777,
    "Q": 5.391722399245056,
    "keyTrack": 0.96,
    "vcfEnvDepth": 828.0999999999998,
    "a": 0.01,
    "d": 2.4190428560496184,
    "s": 0.10240000000000007,
    "r": 5.873629867976521,
    "vcf_a": 0.04,
    "vcf_d": 0.9609999999999969,
    "vcf_s": 0.6889000000000008,
    "vcf_r": 3.968999999999996,
    "pwm1": 0.2799999999999998,
    "pwm2": 0.7600000000000002,
    "pwm3": 0.45999999999999996,
    "lfoRate": 0.6080368192154831,
    "distortion": 0,
    "mix": 1
  },
  "blip": {
    "detune1": 0,
    "detune2": 0,
    "detune3": 0.02,
    "octave1": 0.3763000000000001,
    "octave2": 1.5999999999999996,
    "octave3": 2.16,
    "gain1": 1,
    "gain2": 0,
    "gain3": 0,
    "cutoff": 145.9711999999991,
    "Q": 5.391722399245056,
    "keyTrack": 0.96,
    "vcfEnvDepth": 739.6000000000006,
    "a": 0.01,
    "d": 0.4073844173733507,
    "s": 0,
    "r": 0.4259935136161205,
    "vcf_a": 0.04,
    "vcf_d": 0.5289999999999974,
    "vcf_s": 0,
    "vcf_r": 0.6759999999999966,
    "pwm1": 0,
    "pwm2": 0.42999999999999994,
    "pwm3": 0.47,
    "lfoRate": 1.7962052521481457,
    "distortion": 0.25430827878332185,
    "mix": 1
  },
  "sub": {
    "detune1": 0,
    "detune2": 0,
    "detune3": 0.5000000000000001,
    "octave1": 0.3763000000000001,
    "octave2": 1.5999999999999996,
    "octave3": 1.7199999999999998,
    "gain1": 1,
    "gain2": 0.6084000000000007,
    "gain3": 0.5476000000000011,
    "cutoff": 145.9711999999991,
    "Q": 0.12264498595105665,
    "keyTrack": 1,
    "vcfEnvDepth": 176.39999999999995,
    "a": 0.003,
    "d": 1.4579999999999995,
    "s": 0,
    "r": 4.049999999999999,
    "vcf_a": 5,
    "vcf_d": 70.71067811865476,
    "vcf_s": 0.5,
    "vcf_r": 70.71067811865476,
    "pwm1": 0,
    "pwm2": 0,
    "pwm3": 0,
    "lfoRate": 12.5,
    "distortion": 1.6478738086663287e-32,
    "mix": 1
  }
}