{
  "default": {
    "vco1": 0.5,
    "vco2": 0.5,
    "vco3": 0.5,
    "octave": 1,
    "detune": 0.009999999999999565,
    "gain": 0.4099999999999999,
    "octave1": -1.1252000000000006,
    "detune1": 0.004100000000000548,
    "gain1": 0.1999044737829951,
    "octave12": -0.48769999999999936,
    "detune12": 0.007360000000000255,
    "gain12": 0.19359999999999997,
    "cutoff": 362.92779999999874,
    "keyTracking": 1,
    "vcf env": 2244.500000000001,
    "Q": 2.5919999999999983,
    "a": 0.0007999999999999967,
    "d": 1.4579999999999995,
    "s": 0,
    "r": 4.049999999999999,
    "vcf a": 0.007199999999999998,
    "vcf d": 1.25,
    "vcf s": 0.02249999999999999,
    "vcf r": 3.8719999999999994
  }
}