{
  "default": {
    "vco1": 0.5,
    "vco2": 0.5,
    "vco3": 0.5,
    "octave": 0.6399999999999997,
    "detune": -0.0050000000000004485,
    "gain": 0.49,
    "octave1": 0.3763000000000001,
    "detune1": 0.004100000000000548,
    "gain1": 0.2471151519016499,
    "octave12": -0.48769999999999936,
    "detune12": -0.006785841498486267,
    "gain12": 0.4489000000000002,
    "cutoff": 145.9711999999991,
    "keyTracking": 1,
    "vcf env": 1800.0000000000005,
    "Q": 2.5919999999999983,
    "a": 0.003,
    "d": 1.4579999999999995,
    "s": 0,
    "r": 4.049999999999999,
    "vcf a": 0.007199999999999998,
    "vcf d": 1.25,
    "vcf s": 0.02249999999999999,
    "vcf r": 3.8719999999999994,
    "lfo": 5,
    "pwm": 0.225,
    "distortion": 1.6478738086663287e-32,
    "mix": 1
  },
  "mono": {
    "vco1": 0.5,
    "vco2": 0.5,
    "vco3": 0.5,
    "octave": -0.2600000000000011,
    "detune": -4.440892098500626e-16,
    "gain": 0.99,
    "octave1": -1.0253000000000012,
    "detune1": -0.03759999999999947,
    "gain1": 0,
    "octave12": -0.5299999999999998,
    "detune12": -0.006785841498486267,
    "gain12": 0,
    "cutoff": 257.94879999999887,
    "keyTracking": 0,
    "vcf env": 220.49999999999946,
    "Q": 9.800000000000006,
    "a": 0.003,
    "d": 5,
    "s": 0.3249000000000002,
    "r": 0.12799999999999884,
    "vcf a": 0.0012500000000000002,
    "vcf d": 0.6124999999999979,
    "vcf s": 0,
    "vcf r": 0.3919999999999978
  },
  "ringingSub": {
    "vco1": 0.5,
    "vco2": 0.5,
    "vco3": 0.5,
    "octave": 0.4599999999999995,
    "detune": -4.440892098500626e-16,
    "gain": 0.99,
    "octave1": -0.8468000000000013,
    "detune1": -0.03759999999999947,
    "gain1": 0.6399999999999997,
    "octave12": -0.5299999999999998,
    "detune12": -0.006785841498486267,
    "gain12": 0,
    "cutoff": 10.998199999999782,
    "keyTracking": 1,
    "vcf env": 199.99999999999923,
    "Q": 2.737999999999998,
    "a": 0.003,
    "d": 1.9844999999999988,
    "s": 1,
    "r": 1.7999999999999972,
    "vcf a": 0.005,
    "vcf d": 1.1044999999999978,
    "vcf s": 0.3480999999999996,
    "vcf r": 1.0579999999999958,
    "lfo": 5,
    "pwm": 0.225,
    "distortion": 0,
    "mix": 1
  },
  "fat": {
    "vco1": 0.5,
    "vco2": 0.5,
    "vco3": 0.5,
    "octave": 0.15999999999999925,
    "detune": -4.440892098500626e-16,
    "gain": 1,
    "octave1": -0.5717000000000012,
    "detune1": 0.09289999999999965,
    "gain1": 0.8463999999999998,
    "octave12": -0.7324999999999999,
    "detune12": -0.08746089048940536,
    "gain12": 0.8463999999999998,
    "cutoff": 226.95499999999856,
    "keyTracking": 0.17639999999999956,
    "vcf env": 647.9999999999991,
    "Q": 0.2419999999999986,
    "a": 0.003,
    "d": 1.9844999999999988,
    "s": 1,
    "r": 1.5679999999999972,
    "vcf a": 0.005,
    "vcf d": 0.9140958877053913,
    "vcf s": 0.3480999999999996,
    "vcf r": 0.031999999999999244,
    "lfo": 5,
    "pwm": 0.225,
    "distortion": 0.14440000000000014,
    "mix": 0.3969000000000003
  },
  "blip": {
    "vco1": 0.5,
    "vco2": 0.5,
    "vco3": 0.5,
    "octave": 1,
    "detune": -4.440892098500626e-16,
    "gain": 0.7499999999999998,
    "octave1": 0.3231999999999995,
    "detune1": 0.032899999999999596,
    "gain1": 1,
    "octave12": 0.27070000000000105,
    "detune12": -0.006785841498486267,
    "gain12": 0.8463999999999998,
    "cutoff": 170.96619999999902,
    "keyTracking": 0.6399999999999997,
    "vcf env": 647.9999999999991,
    "Q": 0.7219999999999969,
    "a": 0.003,
    "d": 1.1519999999999984,
    "s": 0.1295999999999996,
    "r": 0.24199999999999997,
    "vcf a": 0.005,
    "vcf d": 0.24199999999999763,
    "vcf s": 0.06249999999999967,
    "vcf r": 0.049999999999999066,
    "lfo": 5,
    "pwm": 0.225,
    "distortion": 0.10890000000000019,
    "mix": 0.4356000000000005
  },
  "sub": {
    "vco1": 0.5,
    "vco2": 0.5,
    "vco3": 0.5,
    "octave": -0.20000000000000107,
    "detune": -4.440892098500626e-16,
    "gain": 0.99,
    "octave1": 1,
    "detune1": 0.001264000000000598,
    "gain1": 0.3480999999999996,
    "octave12": -0.5299999999999998,
    "detune12": -0.006785841498486267,
    "gain12": 0,
    "cutoff": 37.992799999999605,
    "keyTracking": 0.9409000000000014,
    "vcf env": 40.49999999999962,
    "Q": 0,
    "a": 0.003,
    "d": 1.9844999999999988,
    "s": 1,
    "r": 0.5119999999999978,
    "vcf a": 0.005,
    "vcf d": 1.1044999999999978,
    "vcf s": 0.3480999999999996,
    "vcf r": 0.5119999999999968,
    "lfo": 5,
    "pwm": 0.225,
    "distortion": 0,
    "mix": 1
  }
}